Original_State,Original_District,Corrected_State,Corrected_District,Notes
Andaman and Nicobar Islands,Andamans,Andaman and Nicobar Islands,Andamans,
Andaman and Nicobar Islands,Nicobar,Andaman and Nicobar Islands,Nicobar,Possible duplicate of: Nicobars
Andaman and Nicobar Islands,Nicobars,Andaman and Nicobar Islands,Nicobars,Possible duplicate of: Nicobar
Andaman and Nicobar Islands,North And Middle Andaman,Andaman and Nicobar Islands,North And Middle Andaman,
Andaman and Nicobar Islands,South Andaman,Andaman and Nicobar Islands,South Andaman,
Andhra Pradesh,Adilabad,Andhra Pradesh,Adilabad,
Andhra Pradesh,Alluri Sitharama Raju,Andhra Pradesh,Alluri Sitharama Raju,
Andhra Pradesh,Anakapalli,Andhra Pradesh,Anakapalli,
Andhra Pradesh,Anantapur,Andhra Pradesh,Anantapur,Possible duplicate of: Ananthapur
Andhra Pradesh,Ananthapur,Andhra Pradesh,Ananthapur,"Possible duplicate of: Anantapur, Ananthapuramu"
Andhra Pradesh,Ananthapuramu,Andhra Pradesh,Ananthapuramu,Possible duplicate of: Ananthapur
Andhra Pradesh,Annamayya,Andhra Pradesh,Annamayya,
Andhra Pradesh,Bapatla,Andhra Pradesh,Bapatla,
Andhra Pradesh,Chittoor,Andhra Pradesh,Chittoor,Possible duplicate of: chittoor
Andhra Pradesh,Cuddapah,Andhra Pradesh,Cuddapah,
Andhra Pradesh,Dr. B. R. Ambedkar Konaseema,Andhra Pradesh,Dr. B. R. Ambedkar Konaseema,
Andhra Pradesh,East Godavari,Andhra Pradesh,East Godavari,
Andhra Pradesh,Eluru,Andhra Pradesh,Eluru,
Andhra Pradesh,Guntur,Andhra Pradesh,Guntur,
Andhra Pradesh,Hyderabad,Andhra Pradesh,Hyderabad,
Andhra Pradesh,K.V.Rangareddy,Andhra Pradesh,K.V.Rangareddy,Possible duplicate of: K.v. Rangareddy
Andhra Pradesh,K.v. Rangareddy,Andhra Pradesh,K.v. Rangareddy,Possible duplicate of: K.V.Rangareddy
Andhra Pradesh,Kakinada,Andhra Pradesh,Kakinada,
Andhra Pradesh,Karim Nagar,Andhra Pradesh,Karim Nagar,Possible duplicate of: Karimnagar
Andhra Pradesh,Karimnagar,Andhra Pradesh,Karimnagar,Possible duplicate of: Karim Nagar
Andhra Pradesh,Khammam,Andhra Pradesh,Khammam,
Andhra Pradesh,Krishna,Andhra Pradesh,Krishna,
Andhra Pradesh,Kurnool,Andhra Pradesh,Kurnool,
Andhra Pradesh,Mahabub Nagar,Andhra Pradesh,Mahabub Nagar,Possible duplicate of: Mahabubnagar
Andhra Pradesh,Mahabubnagar,Andhra Pradesh,Mahabubnagar,"Possible duplicate of: Mahbubnagar, Mahabub Nagar"
Andhra Pradesh,Mahbubnagar,Andhra Pradesh,Mahbubnagar,Possible duplicate of: Mahabubnagar
Andhra Pradesh,Medak,Andhra Pradesh,Medak,
Andhra Pradesh,N. T. R,Andhra Pradesh,N. T. R,
Andhra Pradesh,Nalgonda,Andhra Pradesh,Nalgonda,
Andhra Pradesh,Nandyal,Andhra Pradesh,Nandyal,
Andhra Pradesh,Nellore,Andhra Pradesh,Nellore,
Andhra Pradesh,Nizamabad,Andhra Pradesh,Nizamabad,
Andhra Pradesh,Palnadu,Andhra Pradesh,Palnadu,
Andhra Pradesh,Parvathipuram Manyam,Andhra Pradesh,Parvathipuram Manyam,
Andhra Pradesh,Prakasam,Andhra Pradesh,Prakasam,
Andhra Pradesh,Rangareddi,Andhra Pradesh,Rangareddi,Possible duplicate of: rangareddi
Andhra Pradesh,Sri Potti Sriramulu Nellore,Andhra Pradesh,Sri Potti Sriramulu Nellore,
Andhra Pradesh,Sri Sathya Sai,Andhra Pradesh,Sri Sathya Sai,
Andhra Pradesh,Srikakulam,Andhra Pradesh,Srikakulam,
Andhra Pradesh,Tirupati,Andhra Pradesh,Tirupati,
Andhra Pradesh,Visakhapatnam,Andhra Pradesh,Visakhapatnam,
Andhra Pradesh,Vizianagaram,Andhra Pradesh,Vizianagaram,
Andhra Pradesh,Warangal,Andhra Pradesh,Warangal,
Andhra Pradesh,West Godavari,Andhra Pradesh,West Godavari,
Andhra Pradesh,Y. S. R,Andhra Pradesh,Y. S. R,
Andhra Pradesh,chittoor,Andhra Pradesh,chittoor,Possible duplicate of: Chittoor
Andhra Pradesh,rangareddi,Andhra Pradesh,rangareddi,Possible duplicate of: Rangareddi
Arunachal Pradesh,Anjaw,Arunachal Pradesh,Anjaw,
Arunachal Pradesh,Changlang,Arunachal Pradesh,Changlang,
Arunachal Pradesh,Dibang Valley,Arunachal Pradesh,Dibang Valley,
Arunachal Pradesh,East Kameng,Arunachal Pradesh,East Kameng,
Arunachal Pradesh,East Siang,Arunachal Pradesh,East Siang,
Arunachal Pradesh,Kamle,Arunachal Pradesh,Kamle,
Arunachal Pradesh,Kra Daadi,Arunachal Pradesh,Kra Daadi,
Arunachal Pradesh,Kurung Kumey,Arunachal Pradesh,Kurung Kumey,
Arunachal Pradesh,Leparada,Arunachal Pradesh,Leparada,
Arunachal Pradesh,Lohit,Arunachal Pradesh,Lohit,
Arunachal Pradesh,Longding,Arunachal Pradesh,Longding,
Arunachal Pradesh,Lower Dibang Valley,Arunachal Pradesh,Lower Dibang Valley,
Arunachal Pradesh,Lower Siang,Arunachal Pradesh,Lower Siang,
Arunachal Pradesh,Lower Subansiri,Arunachal Pradesh,Lower Subansiri,
Arunachal Pradesh,Namsai,Arunachal Pradesh,Namsai,
Arunachal Pradesh,Pakke Kessang,Arunachal Pradesh,Pakke Kessang,
Arunachal Pradesh,Papum Pare,Arunachal Pradesh,Papum Pare,
Arunachal Pradesh,Shi-yomi,Arunachal Pradesh,Shi-yomi,
Arunachal Pradesh,Siang,Arunachal Pradesh,Siang,
Arunachal Pradesh,Tawang,Arunachal Pradesh,Tawang,
Arunachal Pradesh,Tirap,Arunachal Pradesh,Tirap,
Arunachal Pradesh,Upper Siang,Arunachal Pradesh,Upper Siang,
Arunachal Pradesh,Upper Subansiri,Arunachal Pradesh,Upper Subansiri,
Arunachal Pradesh,West Kameng,Arunachal Pradesh,West Kameng,
Arunachal Pradesh,West Siang,Arunachal Pradesh,West Siang,
Assam,Bajali,Assam,Bajali,
Assam,Baksa,Assam,Baksa,
Assam,Barpeta,Assam,Barpeta,
Assam,Biswanath,Assam,Biswanath,
Assam,Bongaigaon,Assam,Bongaigaon,
Assam,Cachar,Assam,Cachar,
Assam,Charaideo,Assam,Charaideo,
Assam,Chirang,Assam,Chirang,
Assam,Darrang,Assam,Darrang,
Assam,Dhemaji,Assam,Dhemaji,
Assam,Dhubri,Assam,Dhubri,
Assam,Dibrugarh,Assam,Dibrugarh,
Assam,Dima Hasao,Assam,Dima Hasao,
Assam,Goalpara,Assam,Goalpara,
Assam,Golaghat,Assam,Golaghat,
Assam,Hailakandi,Assam,Hailakandi,
Assam,Hojai,Assam,Hojai,
Assam,Jorhat,Assam,Jorhat,
Assam,Kamrup,Assam,Kamrup,
Assam,Kamrup Metro,Assam,Kamrup Metro,
Assam,Karbi Anglong,Assam,Karbi Anglong,
Assam,Karimganj,Assam,Karimganj,
Assam,Kokrajhar,Assam,Kokrajhar,
Assam,Lakhimpur,Assam,Lakhimpur,
Assam,Majuli,Assam,Majuli,
Assam,Marigaon,Assam,Marigaon,
Assam,Nagaon,Assam,Nagaon,
Assam,Nalbari,Assam,Nalbari,
Assam,North Cachar Hills,Assam,North Cachar Hills,
Assam,Sibsagar,Assam,Sibsagar,
Assam,Sonitpur,Assam,Sonitpur,
Assam,South Salmara Mankachar,Assam,South Salmara Mankachar,
Assam,Sribhumi,Assam,Sribhumi,
Assam,Tamulpur District,Assam,Tamulpur District,
Assam,Tinsukia,Assam,Tinsukia,
Assam,Udalguri,Assam,Udalguri,
Assam,West Karbi Anglong,Assam,West Karbi Anglong,
BALANAGAR,IDPL COLONY,Telangana,IDPL COLONY,
Bihar,Araria,Bihar,Araria,
Bihar,Arwal,Bihar,Arwal,
Bihar,Aurangabad,Bihar,Aurangabad,
Bihar,Aurangabad(BH),Bihar,Aurangabad(BH),Possible duplicate of: Aurangabad(bh)
Bihar,Aurangabad(bh),Bihar,Aurangabad(bh),Possible duplicate of: Aurangabad(BH)
Bihar,Banka,Bihar,Banka,
Bihar,Begusarai,Bihar,Begusarai,
Bihar,Bhabua,Bihar,Bhabua,
Bihar,Bhagalpur,Bihar,Bhagalpur,
Bihar,Bhojpur,Bihar,Bhojpur,
Bihar,Buxar,Bihar,Buxar,
Bihar,Darbhanga,Bihar,Darbhanga,
Bihar,East Champaran,Bihar,East Champaran,Possible duplicate of: West Champaran
Bihar,Gaya,Bihar,Gaya,
Bihar,Gopalganj,Bihar,Gopalganj,
Bihar,Jamui,Bihar,Jamui,
Bihar,Jehanabad,Bihar,Jehanabad,
Bihar,Kaimur (Bhabua),Bihar,Kaimur (Bhabua),
Bihar,Katihar,Bihar,Katihar,
Bihar,Khagaria,Bihar,Khagaria,
Bihar,Kishanganj,Bihar,Kishanganj,
Bihar,Lakhisarai,Bihar,Lakhisarai,
Bihar,Madhepura,Bihar,Madhepura,
Bihar,Madhubani,Bihar,Madhubani,
Bihar,Monghyr,Bihar,Monghyr,
Bihar,Munger,Bihar,Munger,
Bihar,Muzaffarpur,Bihar,Muzaffarpur,
Bihar,Nalanda,Bihar,Nalanda,
Bihar,Nawada,Bihar,Nawada,
Bihar,Pashchim Champaran,Bihar,Pashchim Champaran,
Bihar,Patna,Bihar,Patna,
Bihar,Prayagraj,Bihar,Prayagraj,
Bihar,Purba Champaran,Bihar,Purba Champaran,
Bihar,Purnea,Bihar,Purnea,
Bihar,Purnia,Bihar,Purnia,
Bihar,Rohtas,Bihar,Rohtas,
Bihar,Saharsa,Bihar,Saharsa,
Bihar,Samastipur,Bihar,Samastipur,Possible duplicate of: Samstipur
Bihar,Samstipur,Bihar,Samstipur,Possible duplicate of: Samastipur
Bihar,Saran,Bihar,Saran,
Bihar,Sheikhpura,Bihar,Sheikhpura,Possible duplicate of: Sheikpura
Bihar,Sheikpura,Bihar,Sheikpura,Possible duplicate of: Sheikhpura
Bihar,Sheohar,Bihar,Sheohar,
Bihar,Sitamarhi,Bihar,Sitamarhi,
Bihar,Siwan,Bihar,Siwan,
Bihar,Supaul,Bihar,Supaul,
Bihar,Vaishali,Bihar,Vaishali,
Bihar,West Champaran,Bihar,West Champaran,Possible duplicate of: East Champaran
Chandigarh,Chandigarh,Chandigarh,Chandigarh,
Chandigarh,Mohali,Chandigarh,Mohali,
Chandigarh,Rupnagar,Chandigarh,Rupnagar,
Chhatisgarh,Raipur,Chhattisgarh,Raipur,
Chhattisgarh,Balod,Chhattisgarh,Balod,
Chhattisgarh,Baloda Bazar,Chhattisgarh,Baloda Bazar,
Chhattisgarh,Balrampur,Chhattisgarh,Balrampur,
Chhattisgarh,Bastar,Chhattisgarh,Bastar,
Chhattisgarh,Bemetara,Chhattisgarh,Bemetara,
Chhattisgarh,Bijapur,Chhattisgarh,Bijapur,
Chhattisgarh,Bilaspur,Chhattisgarh,Bilaspur,
Chhattisgarh,Dakshin Bastar Dantewada,Chhattisgarh,Dakshin Bastar Dantewada,
Chhattisgarh,Dantewada,Chhattisgarh,Dantewada,
Chhattisgarh,Dhamtari,Chhattisgarh,Dhamtari,
Chhattisgarh,Durg,Chhattisgarh,Durg,
Chhattisgarh,Gariyaband,Chhattisgarh,Gariyaband,
Chhattisgarh,Gaurela-pendra-marwahi,Chhattisgarh,Gaurela-pendra-marwahi,
Chhattisgarh,Janjgir - Champa,Chhattisgarh,Janjgir - Champa,"Possible duplicate of: Janjgir Champa, Janjgir-champa"
Chhattisgarh,Janjgir Champa,Chhattisgarh,Janjgir Champa,"Possible duplicate of: Janjgir - Champa, Janjgir-champa"
Chhattisgarh,Janjgir-champa,Chhattisgarh,Janjgir-champa,"Possible duplicate of: Janjgir - Champa, Janjgir Champa"
Chhattisgarh,Jashpur,Chhattisgarh,Jashpur,
Chhattisgarh,Kabeerdham,Chhattisgarh,Kabeerdham,
Chhattisgarh,Kanker,Chhattisgarh,Kanker,
Chhattisgarh,Kawardha,Chhattisgarh,Kawardha,
Chhattisgarh,Khairagarh Chhuikhadan Gandai,Chhattisgarh,Khairagarh Chhuikhadan Gandai,
Chhattisgarh,Kondagaon,Chhattisgarh,Kondagaon,
Chhattisgarh,Korba,Chhattisgarh,Korba,
Chhattisgarh,Koriya,Chhattisgarh,Koriya,
Chhattisgarh,Mahasamund,Chhattisgarh,Mahasamund,
Chhattisgarh,ManendragarhChirmiriBharatpur,Chhattisgarh,ManendragarhChirmiriBharatpur,Possible duplicate of: Manendragarh–Chirmiri–Bharatpur
Chhattisgarh,Manendragarh–Chirmiri–Bharatpur,Chhattisgarh,Manendragarh–Chirmiri–Bharatpur,Possible duplicate of: ManendragarhChirmiriBharatpur
Chhattisgarh,Mohalla-Manpur-Ambagarh Chowki,Chhattisgarh,Mohalla-Manpur-Ambagarh Chowki,Possible duplicate of: Mohla-Manpur-Ambagarh Chouki
Chhattisgarh,Mohla-Manpur-Ambagarh Chouki,Chhattisgarh,Mohla-Manpur-Ambagarh Chouki,Possible duplicate of: Mohalla-Manpur-Ambagarh Chowki
Chhattisgarh,Mungeli,Chhattisgarh,Mungeli,
Chhattisgarh,Narayanpur,Chhattisgarh,Narayanpur,
Chhattisgarh,Raigarh,Chhattisgarh,Raigarh,
Chhattisgarh,Raipur,Chhattisgarh,Raipur,
Chhattisgarh,Rajnandgaon,Chhattisgarh,Rajnandgaon,
Chhattisgarh,Sakti,Chhattisgarh,Sakti,
Chhattisgarh,Sarangarh-Bilaigarh,Chhattisgarh,Sarangarh-Bilaigarh,
Chhattisgarh,Sukma,Chhattisgarh,Sukma,
Chhattisgarh,Surajpur,Chhattisgarh,Surajpur,
Chhattisgarh,Surguja,Chhattisgarh,Surguja,
Chhattisgarh,Uttar Bastar Kanker,Chhattisgarh,Uttar Bastar Kanker,
Dadra & Nagar Haveli,Dadra & Nagar Haveli,Dadra and Nagar Haveli and Daman and Diu,Dadra & Nagar Haveli,Possible duplicate of: Dadra and Nagar Haveli
Dadra and Nagar Haveli and Daman and Diu,Dadra and Nagar Haveli,Dadra and Nagar Haveli and Daman and Diu,Dadra and Nagar Haveli,Possible duplicate of: Dadra & Nagar Haveli
Dadra and Nagar Haveli and Daman and Diu,Daman,Dadra and Nagar Haveli and Daman and Diu,Daman,
Dadra and Nagar Haveli and Daman and Diu,Diu,Dadra and Nagar Haveli and Daman and Diu,Diu,
Daman & Diu,Daman,Dadra and Nagar Haveli and Daman and Diu,Daman,
Daman & Diu,Diu,Dadra and Nagar Haveli and Daman and Diu,Diu,
Darbhanga,Near University Thana,Bihar,Near University Thana,
Delhi,Central Delhi,Delhi,Central Delhi,
Delhi,East Delhi,Delhi,East Delhi,
Delhi,Najafgarh,Delhi,Najafgarh,
Delhi,New Delhi,Delhi,New Delhi,
Delhi,North Delhi,Delhi,North Delhi,
Delhi,North East,Delhi,North East,
Delhi,North East   *,Delhi,North East   *,
Delhi,North East Delhi,Delhi,North East Delhi,"Possible duplicate of: South East Delhi, North West Delhi"
Delhi,North West Delhi,Delhi,North West Delhi,"Possible duplicate of: South West Delhi, North East Delhi"
Delhi,Shahdara,Delhi,Shahdara,
Delhi,South Delhi,Delhi,South Delhi,
Delhi,South East Delhi,Delhi,South East Delhi,"Possible duplicate of: South West Delhi, North East Delhi"
Delhi,South West Delhi,Delhi,South West Delhi,"Possible duplicate of: South East Delhi, North West Delhi"
Delhi,West Delhi,Delhi,West Delhi,
GURGAON,NEAR SHOBHA,Haryana,NEAR SHOBHA,
Goa,Bardez,Goa,Bardez,
Goa,Bicholim,Goa,Bicholim,
Goa,North Goa,Goa,North Goa,
Goa,Ponda,Goa,Ponda,
Goa,South Goa,Goa,South Goa,
Goa,Tiswadi,Goa,Tiswadi,
Greater Kailash 2,Greater Kailash 2,Delhi,Greater Kailash 2,
Gujarat,Ahmadabad,Gujarat,Ahmadabad,Possible duplicate of: Ahmedabad
Gujarat,Ahmedabad,Gujarat,Ahmedabad,Possible duplicate of: Ahmadabad
Gujarat,Amreli,Gujarat,Amreli,
Gujarat,Anand,Gujarat,Anand,
Gujarat,Arvalli,Gujarat,Arvalli,
Gujarat,Banas Kantha,Gujarat,Banas Kantha,Possible duplicate of: Banaskantha
Gujarat,Banaskantha,Gujarat,Banaskantha,Possible duplicate of: Banas Kantha
Gujarat,Bharuch,Gujarat,Bharuch,
Gujarat,Bhavnagar,Gujarat,Bhavnagar,
Gujarat,Botad,Gujarat,Botad,
Gujarat,Chhotaudepur,Gujarat,Chhotaudepur,
Gujarat,Dahod,Gujarat,Dahod,
Gujarat,Devbhumi Dwarka,Gujarat,Devbhumi Dwarka,
Gujarat,Dohad,Gujarat,Dohad,
Gujarat,Gandhinagar,Gujarat,Gandhinagar,
Gujarat,Gir Somnath,Gujarat,Gir Somnath,
Gujarat,Jamnagar,Gujarat,Jamnagar,
Gujarat,Junagadh,Gujarat,Junagadh,
Gujarat,Kachchh,Gujarat,Kachchh,
Gujarat,Kheda,Gujarat,Kheda,
Gujarat,Mahesana,Gujarat,Mahesana,
Gujarat,Mahisagar,Gujarat,Mahisagar,
Gujarat,Morbi,Gujarat,Morbi,
Gujarat,Narmada,Gujarat,Narmada,
Gujarat,Navsari,Gujarat,Navsari,
Gujarat,Panch Mahals,Gujarat,Panch Mahals,Possible duplicate of: Panchmahals
Gujarat,Panchmahals,Gujarat,Panchmahals,Possible duplicate of: Panch Mahals
Gujarat,Patan,Gujarat,Patan,
Gujarat,Porbandar,Gujarat,Porbandar,
Gujarat,Rajkot,Gujarat,Rajkot,
Gujarat,Sabar Kantha,Gujarat,Sabar Kantha,Possible duplicate of: Sabarkantha
Gujarat,Sabarkantha,Gujarat,Sabarkantha,Possible duplicate of: Sabar Kantha
Gujarat,Surat,Gujarat,Surat,
Gujarat,Surendra Nagar,Gujarat,Surendra Nagar,Possible duplicate of: Surendranagar
Gujarat,Surendranagar,Gujarat,Surendranagar,Possible duplicate of: Surendra Nagar
Gujarat,Tapi,Gujarat,Tapi,
Gujarat,The Dangs,Gujarat,The Dangs,
Gujarat,Vadodara,Gujarat,Vadodara,
Gujarat,Valsad,Gujarat,Valsad,
Haryana,Akhera,Haryana,Akhera,
Haryana,Ambala,Haryana,Ambala,
Haryana,Bhiwani,Haryana,Bhiwani,
Haryana,Charkhi Dadri,Haryana,Charkhi Dadri,
Haryana,Faridabad,Haryana,Faridabad,
Haryana,Fatehabad,Haryana,Fatehabad,
Haryana,Gurgaon,Haryana,Gurgaon,
Haryana,Hisar,Haryana,Hisar,
Haryana,Jhajjar,Haryana,Jhajjar,Possible duplicate of: Jhajjar *
Haryana,Jhajjar *,Haryana,Jhajjar *,Possible duplicate of: Jhajjar
Haryana,Jind,Haryana,Jind,
Haryana,Kaithal,Haryana,Kaithal,
Haryana,Karnal,Haryana,Karnal,
Haryana,Kurukshetra,Haryana,Kurukshetra,
Haryana,Mahendragarh,Haryana,Mahendragarh,
Haryana,Mewat,Haryana,Mewat,
Haryana,Palwal,Haryana,Palwal,
Haryana,Panchkula,Haryana,Panchkula,
Haryana,Panipat,Haryana,Panipat,
Haryana,Rewari,Haryana,Rewari,
Haryana,Rohtak,Haryana,Rohtak,
Haryana,Sirsa,Haryana,Sirsa,
Haryana,Sonipat,Haryana,Sonipat,
Haryana,Yamuna Nagar,Haryana,Yamuna Nagar,Possible duplicate of: Yamunanagar
Haryana,Yamunanagar,Haryana,Yamunanagar,Possible duplicate of: Yamuna Nagar
Himachal Pradesh,Bilaspur,Himachal Pradesh,Bilaspur,
Himachal Pradesh,Chamba,Himachal Pradesh,Chamba,
Himachal Pradesh,Hamirpur,Himachal Pradesh,Hamirpur,
Himachal Pradesh,Kangra,Himachal Pradesh,Kangra,
Himachal Pradesh,Kinnaur,Himachal Pradesh,Kinnaur,
Himachal Pradesh,Kullu,Himachal Pradesh,Kullu,
Himachal Pradesh,Lahaul and Spiti,Himachal Pradesh,Lahaul and Spiti,Possible duplicate of: Lahul and Spiti
Himachal Pradesh,Lahul & Spiti,Himachal Pradesh,Lahul & Spiti,Possible duplicate of: Lahul and Spiti
Himachal Pradesh,Lahul and Spiti,Himachal Pradesh,Lahul and Spiti,"Possible duplicate of: Lahaul and Spiti, Lahul & Spiti"
Himachal Pradesh,Mandi,Himachal Pradesh,Mandi,
Himachal Pradesh,Shimla,Himachal Pradesh,Shimla,
Himachal Pradesh,Sirmaur,Himachal Pradesh,Sirmaur,
Himachal Pradesh,Solan,Himachal Pradesh,Solan,
Himachal Pradesh,Una,Himachal Pradesh,Una,
Jaipur,Near meera hospital,Rajasthan,Near meera hospital,
Jammu and Kashmir,?,Jammu and Kashmir,?,
Jammu and Kashmir,Anantnag,Jammu and Kashmir,Anantnag,
Jammu and Kashmir,Badgam,Jammu and Kashmir,Badgam,
Jammu and Kashmir,Bandipore,Jammu and Kashmir,Bandipore,
Jammu and Kashmir,Bandipur,Jammu and Kashmir,Bandipur,
Jammu and Kashmir,Baramula,Jammu and Kashmir,Baramula,Possible duplicate of: Baramulla
Jammu and Kashmir,Baramulla,Jammu and Kashmir,Baramulla,Possible duplicate of: Baramula
Jammu and Kashmir,Budgam,Jammu and Kashmir,Budgam,
Jammu and Kashmir,Doda,Jammu and Kashmir,Doda,
Jammu and Kashmir,Ganderbal,Jammu and Kashmir,Ganderbal,
Jammu and Kashmir,Jammu,Jammu and Kashmir,Jammu,
Jammu and Kashmir,Kargil,Jammu and Kashmir,Kargil,
Jammu and Kashmir,Kathua,Jammu and Kashmir,Kathua,
Jammu and Kashmir,Kishtwar,Jammu and Kashmir,Kishtwar,
Jammu and Kashmir,Kulgam,Jammu and Kashmir,Kulgam,
Jammu and Kashmir,Kupwara,Jammu and Kashmir,Kupwara,
Jammu and Kashmir,Leh,Jammu and Kashmir,Leh,
Jammu and Kashmir,Leh (ladakh),Jammu and Kashmir,Leh (ladakh),
Jammu and Kashmir,Poonch,Jammu and Kashmir,Poonch,
Jammu and Kashmir,Pulwama,Jammu and Kashmir,Pulwama,
Jammu and Kashmir,Punch,Jammu and Kashmir,Punch,
Jammu and Kashmir,Rajauri,Jammu and Kashmir,Rajauri,Possible duplicate of: Rajouri
Jammu and Kashmir,Rajouri,Jammu and Kashmir,Rajouri,Possible duplicate of: Rajauri
Jammu and Kashmir,Ramban,Jammu and Kashmir,Ramban,
Jammu and Kashmir,Reasi,Jammu and Kashmir,Reasi,
Jammu and Kashmir,Samba,Jammu and Kashmir,Samba,
Jammu and Kashmir,Shupiyan,Jammu and Kashmir,Shupiyan,
Jammu and Kashmir,Srinagar,Jammu and Kashmir,Srinagar,
Jammu and Kashmir,Udhampur,Jammu and Kashmir,Udhampur,Possible duplicate of: udhampur
Jammu and Kashmir,punch,Jammu and Kashmir,punch,
Jammu and Kashmir,udhampur,Jammu and Kashmir,udhampur,Possible duplicate of: Udhampur
Jharkhand,Bokaro,Jharkhand,Bokaro,Possible duplicate of: Bokaro *
Jharkhand,Bokaro *,Jharkhand,Bokaro *,Possible duplicate of: Bokaro
Jharkhand,Chatra,Jharkhand,Chatra,Possible duplicate of: Chatra *
Jharkhand,Chatra *,Jharkhand,Chatra *,Possible duplicate of: Chatra
Jharkhand,Deoghar,Jharkhand,Deoghar,
Jharkhand,Dhanbad,Jharkhand,Dhanbad,
Jharkhand,Dumka,Jharkhand,Dumka,
Jharkhand,East Singhbhum,Jharkhand,East Singhbhum,Possible duplicate of: West Singhbhum
Jharkhand,Garhwa,Jharkhand,Garhwa,Possible duplicate of: Garhwa *
Jharkhand,Garhwa *,Jharkhand,Garhwa *,Possible duplicate of: Garhwa
Jharkhand,Giridih,Jharkhand,Giridih,
Jharkhand,Godda,Jharkhand,Godda,
Jharkhand,Gumla,Jharkhand,Gumla,
Jharkhand,Hazaribag,Jharkhand,Hazaribag,Possible duplicate of: Hazaribagh
Jharkhand,Hazaribagh,Jharkhand,Hazaribagh,Possible duplicate of: Hazaribag
Jharkhand,Jamtara,Jharkhand,Jamtara,
Jharkhand,Khunti,Jharkhand,Khunti,
Jharkhand,Kodarma,Jharkhand,Kodarma,Possible duplicate of: Koderma
Jharkhand,Koderma,Jharkhand,Koderma,Possible duplicate of: Kodarma
Jharkhand,Latehar,Jharkhand,Latehar,
Jharkhand,Lohardaga,Jharkhand,Lohardaga,
Jharkhand,Pakaur,Jharkhand,Pakaur,"Possible duplicate of: Pakur, Pakaur *"
Jharkhand,Pakaur *,Jharkhand,Pakaur *,Possible duplicate of: Pakaur
Jharkhand,Pakur,Jharkhand,Pakur,Possible duplicate of: Pakaur
Jharkhand,Palamau,Jharkhand,Palamau,Possible duplicate of: Palamu
Jharkhand,Palamu,Jharkhand,Palamu,Possible duplicate of: Palamau
Jharkhand,Pashchimi Singhbhum,Jharkhand,Pashchimi Singhbhum,
Jharkhand,Purbi Singhbhum,Jharkhand,Purbi Singhbhum,
Jharkhand,Ramgarh,Jharkhand,Ramgarh,
Jharkhand,Ranchi,Jharkhand,Ranchi,
Jharkhand,Sahebganj,Jharkhand,Sahebganj,Possible duplicate of: Sahibganj
Jharkhand,Sahibganj,Jharkhand,Sahibganj,Possible duplicate of: Sahebganj
Jharkhand,Seraikela-Kharsawan,Jharkhand,Seraikela-Kharsawan,Possible duplicate of: Seraikela-kharsawan
Jharkhand,Seraikela-kharsawan,Jharkhand,Seraikela-kharsawan,Possible duplicate of: Seraikela-Kharsawan
Jharkhand,Simdega,Jharkhand,Simdega,
Jharkhand,West Singhbhum,Jharkhand,West Singhbhum,Possible duplicate of: East Singhbhum
Karnataka,Bagalkot,Karnataka,Bagalkot,Possible duplicate of: Bagalkot *
Karnataka,Bagalkot *,Karnataka,Bagalkot *,Possible duplicate of: Bagalkot
Karnataka,Ballari,Karnataka,Ballari,
Karnataka,Bangalore,Karnataka,Bangalore,
Karnataka,Bangalore Rural,Karnataka,Bangalore Rural,
Karnataka,Belagavi,Karnataka,Belagavi,
Karnataka,Belgaum,Karnataka,Belgaum,
Karnataka,Bellary,Karnataka,Bellary,
Karnataka,Bengaluru,Karnataka,Bengaluru,
Karnataka,Bengaluru Rural,Karnataka,Bengaluru Rural,
Karnataka,Bengaluru South,Karnataka,Bengaluru South,
Karnataka,Bidar,Karnataka,Bidar,
Karnataka,Bijapur,Karnataka,Bijapur,
Karnataka,Bijapur(KAR),Karnataka,Bijapur(KAR),
Karnataka,Chamarajanagar,Karnataka,Chamarajanagar,"Possible duplicate of: Chamrajanagar, Chamarajanagar *"
Karnataka,Chamarajanagar *,Karnataka,Chamarajanagar *,"Possible duplicate of: Chamarajanagar, Chamrajanagar"
Karnataka,Chamrajanagar,Karnataka,Chamrajanagar,"Possible duplicate of: Chamarajanagar, Chamrajnagar"
Karnataka,Chamrajnagar,Karnataka,Chamrajnagar,"Possible duplicate of: Chamrajanagar, Chamarajanagar"
Karnataka,Chickmagalur,Karnataka,Chickmagalur,Possible duplicate of: Chikmagalur
Karnataka,Chikkaballapur,Karnataka,Chikkaballapur,
Karnataka,Chikkamagaluru,Karnataka,Chikkamagaluru,Possible duplicate of: Chikmagalur
Karnataka,Chikmagalur,Karnataka,Chikmagalur,"Possible duplicate of: Chickmagalur, Chikkamagaluru"
Karnataka,Chitradurga,Karnataka,Chitradurga,
Karnataka,Dakshina Kannada,Karnataka,Dakshina Kannada,
Karnataka,Davanagere,Karnataka,Davanagere,Possible duplicate of: Davangere
Karnataka,Davangere,Karnataka,Davangere,Possible duplicate of: Davanagere
Karnataka,Dharwad,Karnataka,Dharwad,
Karnataka,Gadag,Karnataka,Gadag,
Karnataka,Gadag *,Karnataka,Gadag *,
Karnataka,Gulbarga,Karnataka,Gulbarga,
Karnataka,Hasan,Karnataka,Hasan,Possible duplicate of: Hassan
Karnataka,Hassan,Karnataka,Hassan,Possible duplicate of: Hasan
Karnataka,Haveri,Karnataka,Haveri,Possible duplicate of: Haveri *
Karnataka,Haveri *,Karnataka,Haveri *,Possible duplicate of: Haveri
Karnataka,Kalaburagi,Karnataka,Kalaburagi,
Karnataka,Kodagu,Karnataka,Kodagu,
Karnataka,Kolar,Karnataka,Kolar,
Karnataka,Koppal,Karnataka,Koppal,
Karnataka,Mandya,Karnataka,Mandya,
Karnataka,Mysore,Karnataka,Mysore,
Karnataka,Mysuru,Karnataka,Mysuru,
Karnataka,Raichur,Karnataka,Raichur,
Karnataka,Ramanagar,Karnataka,Ramanagar,
Karnataka,Shimoga,Karnataka,Shimoga,
Karnataka,Shivamogga,Karnataka,Shivamogga,
Karnataka,Tumakuru,Karnataka,Tumakuru,Possible duplicate of: Tumkur
Karnataka,Tumkur,Karnataka,Tumkur,Possible duplicate of: Tumakuru
Karnataka,Udupi,Karnataka,Udupi,
Karnataka,Udupi *,Karnataka,Udupi *,
Karnataka,Uttara Kannada,Karnataka,Uttara Kannada,
Karnataka,Vijayanagara,Karnataka,Vijayanagara,
Karnataka,Vijayapura,Karnataka,Vijayapura,
Karnataka,Yadgir,Karnataka,Yadgir,
Karnataka,yadgir,Karnataka,yadgir,
Kerala,Alappuzha,Kerala,Alappuzha,
Kerala,Ernakulam,Kerala,Ernakulam,
Kerala,Idukki,Kerala,Idukki,
Kerala,Kannur,Kerala,Kannur,
Kerala,Kasaragod,Kerala,Kasaragod,Possible duplicate of: Kasargod
Kerala,Kasargod,Kerala,Kasargod,Possible duplicate of: Kasaragod
Kerala,Kollam,Kerala,Kollam,
Kerala,Kottayam,Kerala,Kottayam,
Kerala,Kozhikode,Kerala,Kozhikode,
Kerala,Malappuram,Kerala,Malappuram,
Kerala,Palakkad,Kerala,Palakkad,
Kerala,Pathanamthitta,Kerala,Pathanamthitta,
Kerala,Thiruvananthapuram,Kerala,Thiruvananthapuram,
Kerala,Thrissur,Kerala,Thrissur,
Kerala,Wayanad,Kerala,Wayanad,
Ladakh,Kargil,Ladakh,Kargil,
Ladakh,Leh,Ladakh,Leh,
Lakshadweep,Lakshadweep,Lakshadweep,Lakshadweep,
Madanapalle,Kadiri Road,Andhra Pradesh,Kadiri Road,
Madhya Pradesh,Agar Malwa,Madhya Pradesh,Agar Malwa,
Madhya Pradesh,Alirajpur,Madhya Pradesh,Alirajpur,
Madhya Pradesh,Anuppur,Madhya Pradesh,Anuppur,
Madhya Pradesh,Ashok Nagar,Madhya Pradesh,Ashok Nagar,
Madhya Pradesh,Balaghat,Madhya Pradesh,Balaghat,
Madhya Pradesh,Barwani,Madhya Pradesh,Barwani,
Madhya Pradesh,Betul,Madhya Pradesh,Betul,
Madhya Pradesh,Bhind,Madhya Pradesh,Bhind,
Madhya Pradesh,Bhopal,Madhya Pradesh,Bhopal,
Madhya Pradesh,Burhanpur,Madhya Pradesh,Burhanpur,
Madhya Pradesh,Chhatarpur,Madhya Pradesh,Chhatarpur,
Madhya Pradesh,Chhindwara,Madhya Pradesh,Chhindwara,
Madhya Pradesh,Damoh,Madhya Pradesh,Damoh,
Madhya Pradesh,Datia,Madhya Pradesh,Datia,
Madhya Pradesh,Dewas,Madhya Pradesh,Dewas,
Madhya Pradesh,Dhar,Madhya Pradesh,Dhar,
Madhya Pradesh,Dindori,Madhya Pradesh,Dindori,
Madhya Pradesh,East Nimar,Madhya Pradesh,East Nimar,
Madhya Pradesh,Guna,Madhya Pradesh,Guna,
Madhya Pradesh,Gwalior,Madhya Pradesh,Gwalior,
Madhya Pradesh,Harda,Madhya Pradesh,Harda,
Madhya Pradesh,Harda *,Madhya Pradesh,Harda *,
Madhya Pradesh,Hoshangabad,Madhya Pradesh,Hoshangabad,
Madhya Pradesh,Indore,Madhya Pradesh,Indore,
Madhya Pradesh,Jabalpur,Madhya Pradesh,Jabalpur,
Madhya Pradesh,Jhabua,Madhya Pradesh,Jhabua,
Madhya Pradesh,Katni,Madhya Pradesh,Katni,
Madhya Pradesh,Khandwa,Madhya Pradesh,Khandwa,
Madhya Pradesh,Khargone,Madhya Pradesh,Khargone,
Madhya Pradesh,Maihar,Madhya Pradesh,Maihar,
Madhya Pradesh,Mandla,Madhya Pradesh,Mandla,
Madhya Pradesh,Mandsaur,Madhya Pradesh,Mandsaur,
Madhya Pradesh,Mauganj,Madhya Pradesh,Mauganj,
Madhya Pradesh,Morena,Madhya Pradesh,Morena,
Madhya Pradesh,Narmadapuram,Madhya Pradesh,Narmadapuram,
Madhya Pradesh,Narsimhapur,Madhya Pradesh,Narsimhapur,
Madhya Pradesh,Narsinghpur,Madhya Pradesh,Narsinghpur,
Madhya Pradesh,Neemuch,Madhya Pradesh,Neemuch,
Madhya Pradesh,Niwari,Madhya Pradesh,Niwari,
Madhya Pradesh,Pandhurna,Madhya Pradesh,Pandhurna,
Madhya Pradesh,Panna,Madhya Pradesh,Panna,
Madhya Pradesh,Raisen,Madhya Pradesh,Raisen,
Madhya Pradesh,Rajgarh,Madhya Pradesh,Rajgarh,
Madhya Pradesh,Ratlam,Madhya Pradesh,Ratlam,
Madhya Pradesh,Rewa,Madhya Pradesh,Rewa,
Madhya Pradesh,Sagar,Madhya Pradesh,Sagar,
Madhya Pradesh,Satna,Madhya Pradesh,Satna,
Madhya Pradesh,Sehore,Madhya Pradesh,Sehore,
Madhya Pradesh,Seoni,Madhya Pradesh,Seoni,
Madhya Pradesh,Shahdol,Madhya Pradesh,Shahdol,
Madhya Pradesh,Shajapur,Madhya Pradesh,Shajapur,
Madhya Pradesh,Sheopur,Madhya Pradesh,Sheopur,
Madhya Pradesh,Shivpuri,Madhya Pradesh,Shivpuri,
Madhya Pradesh,Sidhi,Madhya Pradesh,Sidhi,
Madhya Pradesh,Singrauli,Madhya Pradesh,Singrauli,
Madhya Pradesh,Tikamgarh,Madhya Pradesh,Tikamgarh,
Madhya Pradesh,Ujjain,Madhya Pradesh,Ujjain,
Madhya Pradesh,Umaria,Madhya Pradesh,Umaria,
Madhya Pradesh,Vidisha,Madhya Pradesh,Vidisha,
Madhya Pradesh,West Nimar,Madhya Pradesh,West Nimar,
Maharashtra,Ahilyanagar,Maharashtra,Ahilyanagar,
Maharashtra,Ahmadnagar,Maharashtra,Ahmadnagar,
Maharashtra,Ahmed Nagar,Maharashtra,Ahmed Nagar,
Maharashtra,Akola,Maharashtra,Akola,
Maharashtra,Amravati,Maharashtra,Amravati,
Maharashtra,Aurangabad,Maharashtra,Aurangabad,
Maharashtra,Beed,Maharashtra,Beed,
Maharashtra,Bhandara,Maharashtra,Bhandara,
Maharashtra,Bid,Maharashtra,Bid,
Maharashtra,Buldana,Maharashtra,Buldana,Possible duplicate of: Buldhana
Maharashtra,Buldhana,Maharashtra,Buldhana,Possible duplicate of: Buldana
Maharashtra,Chandrapur,Maharashtra,Chandrapur,
Maharashtra,Chatrapati Sambhaji Nagar,Maharashtra,Chatrapati Sambhaji Nagar,Possible duplicate of: Chhatrapati Sambhajinagar
Maharashtra,Chhatrapati Sambhajinagar,Maharashtra,Chhatrapati Sambhajinagar,Possible duplicate of: Chatrapati Sambhaji Nagar
Maharashtra,Dharashiv,Maharashtra,Dharashiv,
Maharashtra,Dhule,Maharashtra,Dhule,
Maharashtra,Gadchiroli,Maharashtra,Gadchiroli,
Maharashtra,Gondia,Maharashtra,Gondia,Possible duplicate of: Gondiya
Maharashtra,Gondiya,Maharashtra,Gondiya,"Possible duplicate of: Gondia, Gondiya *"
Maharashtra,Gondiya *,Maharashtra,Gondiya *,Possible duplicate of: Gondiya
Maharashtra,Hingoli,Maharashtra,Hingoli,Possible duplicate of: Hingoli *
Maharashtra,Hingoli *,Maharashtra,Hingoli *,Possible duplicate of: Hingoli
Maharashtra,Jalgaon,Maharashtra,Jalgaon,
Maharashtra,Jalna,Maharashtra,Jalna,
Maharashtra,Kolhapur,Maharashtra,Kolhapur,
Maharashtra,Latur,Maharashtra,Latur,
Maharashtra,Mumbai,Maharashtra,Mumbai,
Maharashtra,Mumbai City,Maharashtra,Mumbai City,
Maharashtra,Mumbai Suburban,Maharashtra,Mumbai Suburban,
Maharashtra,Mumbai( Sub Urban ),Maharashtra,Mumbai( Sub Urban ),
Maharashtra,Nagpur,Maharashtra,Nagpur,
Maharashtra,Nanded,Maharashtra,Nanded,
Maharashtra,Nandurbar,Maharashtra,Nandurbar,Possible duplicate of: Nandurbar *
Maharashtra,Nandurbar *,Maharashtra,Nandurbar *,Possible duplicate of: Nandurbar
Maharashtra,Nashik,Maharashtra,Nashik,
Maharashtra,Osmanabad,Maharashtra,Osmanabad,
Maharashtra,Palghar,Maharashtra,Palghar,
Maharashtra,Parbhani,Maharashtra,Parbhani,
Maharashtra,Pune,Maharashtra,Pune,
Maharashtra,Raigad,Maharashtra,Raigad,
Maharashtra,Raigarh,Maharashtra,Raigarh,
Maharashtra,Raigarh(MH),Maharashtra,Raigarh(MH),
Maharashtra,Ratnagiri,Maharashtra,Ratnagiri,
Maharashtra,Sangli,Maharashtra,Sangli,
Maharashtra,Satara,Maharashtra,Satara,
Maharashtra,Sindhudurg,Maharashtra,Sindhudurg,
Maharashtra,Solapur,Maharashtra,Solapur,
Maharashtra,Thane,Maharashtra,Thane,
Maharashtra,Wardha,Maharashtra,Wardha,
Maharashtra,Washim,Maharashtra,Washim,Possible duplicate of: Washim *
Maharashtra,Washim *,Maharashtra,Washim *,Possible duplicate of: Washim
Maharashtra,Yavatmal,Maharashtra,Yavatmal,
Manipur,Bishnupur,Manipur,Bishnupur,
Manipur,Chandel,Manipur,Chandel,
Manipur,Churachandpur,Manipur,Churachandpur,
Manipur,Imphal East,Manipur,Imphal East,Possible duplicate of: Imphal East *
Manipur,Imphal East *,Manipur,Imphal East *,Possible duplicate of: Imphal East
Manipur,Imphal West,Manipur,Imphal West,
Manipur,Jiribam,Manipur,Jiribam,
Manipur,Kakching,Manipur,Kakching,
Manipur,Kangpokpi,Manipur,Kangpokpi,
Manipur,Pherzawl,Manipur,Pherzawl,
Manipur,Senapati,Manipur,Senapati,
Manipur,Tamenglong,Manipur,Tamenglong,
Manipur,Thoubal,Manipur,Thoubal,
Manipur,Ukhrul,Manipur,Ukhrul,
Meghalaya,East Garo Hills,Meghalaya,East Garo Hills,Possible duplicate of: West Garo Hills
Meghalaya,East Jaintia Hills,Meghalaya,East Jaintia Hills,Possible duplicate of: West Jaintia Hills
Meghalaya,East Khasi Hills,Meghalaya,East Khasi Hills,Possible duplicate of: West Khasi Hills
Meghalaya,Eastern West Khasi Hills,Meghalaya,Eastern West Khasi Hills,
Meghalaya,Jaintia Hills,Meghalaya,Jaintia Hills,
Meghalaya,North Garo Hills,Meghalaya,North Garo Hills,Possible duplicate of: South Garo Hills
Meghalaya,Ri Bhoi,Meghalaya,Ri Bhoi,
Meghalaya,South Garo Hills,Meghalaya,South Garo Hills,"Possible duplicate of: North Garo Hills, South West Garo Hills"
Meghalaya,South West Garo Hills,Meghalaya,South West Garo Hills,Possible duplicate of: South Garo Hills
Meghalaya,South West Khasi Hills,Meghalaya,South West Khasi Hills,
Meghalaya,West Garo Hills,Meghalaya,West Garo Hills,Possible duplicate of: East Garo Hills
Meghalaya,West Jaintia Hills,Meghalaya,West Jaintia Hills,Possible duplicate of: East Jaintia Hills
Meghalaya,West Khasi Hills,Meghalaya,West Khasi Hills,Possible duplicate of: East Khasi Hills
Mizoram,Aizawl,Mizoram,Aizawl,
Mizoram,Champhai,Mizoram,Champhai,
Mizoram,Hnahthial,Mizoram,Hnahthial,
Mizoram,Khawzawl,Mizoram,Khawzawl,
Mizoram,Kolasib,Mizoram,Kolasib,
Mizoram,Lawngtlai,Mizoram,Lawngtlai,
Mizoram,Lunglei,Mizoram,Lunglei,
Mizoram,Mamit,Mizoram,Mamit,Possible duplicate of: Mammit
Mizoram,Mammit,Mizoram,Mammit,Possible duplicate of: Mamit
Mizoram,Saiha,Mizoram,Saiha,
Mizoram,Saitual,Mizoram,Saitual,
Mizoram,Serchhip,Mizoram,Serchhip,
Nagaland,Chumukedima,Nagaland,Chumukedima,
Nagaland,Dimapur,Nagaland,Dimapur,
Nagaland,Kiphire,Nagaland,Kiphire,
Nagaland,Kohima,Nagaland,Kohima,
Nagaland,Longleng,Nagaland,Longleng,
Nagaland,Meluri,Nagaland,Meluri,
Nagaland,Mokokchung,Nagaland,Mokokchung,
Nagaland,Mon,Nagaland,Mon,
Nagaland,Niuland,Nagaland,Niuland,
Nagaland,Noklak,Nagaland,Noklak,
Nagaland,Peren,Nagaland,Peren,
Nagaland,Phek,Nagaland,Phek,
Nagaland,Saitual,Nagaland,Saitual,
Nagaland,Shamator,Nagaland,Shamator,
Nagaland,Tseminyu,Nagaland,Tseminyu,
Nagaland,Tuensang,Nagaland,Tuensang,
Nagaland,Wokha,Nagaland,Wokha,
Nagaland,Zunheboto,Nagaland,Zunheboto,
Nagpur,Near Uday nagar NIT garden,Maharashtra,Near Uday nagar NIT garden,
Odisha,ANGUL,Odisha,ANGUL,Possible duplicate of: ANUGUL
Odisha,ANUGUL,Odisha,ANUGUL,Possible duplicate of: ANGUL
Odisha,Angul,Odisha,Angul,Possible duplicate of: Anugul
Odisha,Anugal,Odisha,Anugal,
Odisha,Anugul,Odisha,Anugul,Possible duplicate of: Angul
Odisha,Anugul  *,Odisha,Anugul  *,
Odisha,BALANGIR,Odisha,BALANGIR,
Odisha,Balangir,Odisha,Balangir,
Odisha,Baleshwar,Odisha,Baleshwar,Possible duplicate of: Baleswar
Odisha,Baleswar,Odisha,Baleswar,Possible duplicate of: Baleshwar
Odisha,Balianta,Odisha,Balianta,
Odisha,Bargarh,Odisha,Bargarh,
Odisha,Baudh,Odisha,Baudh,
Odisha,Bhadrak,Odisha,Bhadrak,
Odisha,Bhadrak(R),Odisha,Bhadrak(R),
Odisha,Boudh,Odisha,Boudh,
Odisha,Cuttack,Odisha,Cuttack,
Odisha,Debagarh,Odisha,Debagarh,
Odisha,Dhenkanal,Odisha,Dhenkanal,
Odisha,Gajapati,Odisha,Gajapati,
Odisha,Ganjam,Odisha,Ganjam,
Odisha,JAJPUR,Odisha,JAJPUR,
Odisha,Jagatsinghapur,Odisha,Jagatsinghapur,Possible duplicate of: Jagatsinghpur
Odisha,Jagatsinghpur,Odisha,Jagatsinghpur,Possible duplicate of: Jagatsinghapur
Odisha,Jajapur,Odisha,Jajapur,Possible duplicate of: Jajpur
Odisha,Jajapur  *,Odisha,Jajapur  *,
Odisha,Jajpur,Odisha,Jajpur,Possible duplicate of: Jajapur
Odisha,Jharsuguda,Odisha,Jharsuguda,
Odisha,Kalahandi,Odisha,Kalahandi,
Odisha,Kandhamal,Odisha,Kandhamal,
Odisha,Kendrapara,Odisha,Kendrapara,
Odisha,Kendujhar,Odisha,Kendujhar,
Odisha,Khorda,Odisha,Khorda,Possible duplicate of: Khordha
Odisha,Khordha,Odisha,Khordha,Possible duplicate of: Khorda
Odisha,Khordha  *,Odisha,Khordha  *,
Odisha,Koraput,Odisha,Koraput,
Odisha,Malkangiri,Odisha,Malkangiri,
Odisha,Mayurbhanj,Odisha,Mayurbhanj,
Odisha,NAYAGARH,Odisha,NAYAGARH,
Odisha,NUAPADA,Odisha,NUAPADA,
Odisha,Nabarangapur,Odisha,Nabarangapur,
Odisha,Nayagarh,Odisha,Nayagarh,
Odisha,Nayagarh  *,Odisha,Nayagarh  *,
Odisha,Nuapada,Odisha,Nuapada,
Odisha,Puri,Odisha,Puri,
Odisha,Rayagada,Odisha,Rayagada,
Odisha,Sambalpur,Odisha,Sambalpur,
Odisha,Sonapur,Odisha,Sonapur,
Odisha,Subarnapur,Odisha,Subarnapur,
Odisha,Sundargarh,Odisha,Sundargarh,Possible duplicate of: Sundergarh
Odisha,Sundergarh,Odisha,Sundergarh,Possible duplicate of: Sundargarh
Odisha,jajpur,Odisha,jajpur,
Puducherry,Cuddalore,Puducherry,Cuddalore,
Puducherry,Karaikal,Puducherry,Karaikal,
Puducherry,Pondicherry,Puducherry,Pondicherry,
Puducherry,Puducherry,Puducherry,Puducherry,
Puducherry,Viluppuram,Puducherry,Viluppuram,
Puducherry,Yanam,Puducherry,Yanam,
Punjab,Amritsar,Punjab,Amritsar,
Punjab,Barnala,Punjab,Barnala,
Punjab,Bathinda,Punjab,Bathinda,
Punjab,Chandigarh,Punjab,Chandigarh,
Punjab,Faridkot,Punjab,Faridkot,
Punjab,Fatehgarh Sahib,Punjab,Fatehgarh Sahib,
Punjab,Fazilka,Punjab,Fazilka,
Punjab,Ferozepur,Punjab,Ferozepur,
Punjab,Firozpur,Punjab,Firozpur,
Punjab,Gurdaspur,Punjab,Gurdaspur,
Punjab,Hoshiarpur,Punjab,Hoshiarpur,
Punjab,Jalandhar,Punjab,Jalandhar,
Punjab,Kapurthala,Punjab,Kapurthala,
Punjab,Ludhiana,Punjab,Ludhiana,
Punjab,Malerkotla,Punjab,Malerkotla,
Punjab,Mansa,Punjab,Mansa,
Punjab,Moga,Punjab,Moga,
Punjab,Muktsar,Punjab,Muktsar,
Punjab,Nawanshahr,Punjab,Nawanshahr,
Punjab,Pathankot,Punjab,Pathankot,
Punjab,Patiala,Punjab,Patiala,
Punjab,Rupnagar,Punjab,Rupnagar,
Punjab,S.A.S Nagar(Mohali),Punjab,S.A.S Nagar(Mohali),Possible duplicate of: SAS Nagar (Mohali)
Punjab,SAS Nagar (Mohali),Punjab,SAS Nagar (Mohali),Possible duplicate of: S.A.S Nagar(Mohali)
Punjab,Sangrur,Punjab,Sangrur,
Punjab,Shaheed Bhagat Singh Nagar,Punjab,Shaheed Bhagat Singh Nagar,
Punjab,Sri Muktsar Sahib,Punjab,Sri Muktsar Sahib,
Punjab,Tarn Taran,Punjab,Tarn Taran,
Puttenahalli,5th cross,Karnataka,5th cross,
Raja Annamalai Puram,Near Dhyana Ashram,Tamil Nadu,Near Dhyana Ashram,
Rajasthan,Ajmer,Rajasthan,Ajmer,
Rajasthan,Alwar,Rajasthan,Alwar,
Rajasthan,Balotra,Rajasthan,Balotra,
Rajasthan,Banswara,Rajasthan,Banswara,
Rajasthan,Baran,Rajasthan,Baran,
Rajasthan,Barmer,Rajasthan,Barmer,
Rajasthan,Beawar,Rajasthan,Beawar,
Rajasthan,Bharatpur,Rajasthan,Bharatpur,
Rajasthan,Bhilwara,Rajasthan,Bhilwara,
Rajasthan,Bikaner,Rajasthan,Bikaner,
Rajasthan,Bundi,Rajasthan,Bundi,
Rajasthan,Chittaurgarh,Rajasthan,Chittaurgarh,Possible duplicate of: Chittorgarh
Rajasthan,Chittorgarh,Rajasthan,Chittorgarh,Possible duplicate of: Chittaurgarh
Rajasthan,Churu,Rajasthan,Churu,
Rajasthan,Dausa,Rajasthan,Dausa,
Rajasthan,Deeg,Rajasthan,Deeg,
Rajasthan,Deeg ,Rajasthan,Deeg,
Rajasthan,Dhaulpur,Rajasthan,Dhaulpur,
Rajasthan,Dholpur,Rajasthan,Dholpur,
Rajasthan,Didwana-Kuchaman,Rajasthan,Didwana-Kuchaman,
Rajasthan,Dungarpur,Rajasthan,Dungarpur,
Rajasthan,Ganganagar,Rajasthan,Ganganagar,
Rajasthan,Hanumangarh,Rajasthan,Hanumangarh,
Rajasthan,Jaipur,Rajasthan,Jaipur,
Rajasthan,Jaisalmer,Rajasthan,Jaisalmer,
Rajasthan,Jalor,Rajasthan,Jalor,Possible duplicate of: Jalore
Rajasthan,Jalore,Rajasthan,Jalore,Possible duplicate of: Jalor
Rajasthan,Jhalawar,Rajasthan,Jhalawar,
Rajasthan,Jhunjhunu,Rajasthan,Jhunjhunu,Possible duplicate of: Jhunjhunun
Rajasthan,Jhunjhunun,Rajasthan,Jhunjhunun,Possible duplicate of: Jhunjhunu
Rajasthan,Jodhpur,Rajasthan,Jodhpur,
Rajasthan,Karauli,Rajasthan,Karauli,
Rajasthan,Khairthal-Tijara,Rajasthan,Khairthal-Tijara,
Rajasthan,Kota,Rajasthan,Kota,
Rajasthan,Kotputli-Behror,Rajasthan,Kotputli-Behror,
Rajasthan,Nagaur,Rajasthan,Nagaur,
Rajasthan,Pali,Rajasthan,Pali,
Rajasthan,Phalodi,Rajasthan,Phalodi,
Rajasthan,Pratapgarh,Rajasthan,Pratapgarh,
Rajasthan,Rajsamand,Rajasthan,Rajsamand,
Rajasthan,Salumbar,Rajasthan,Salumbar,
Rajasthan,Sawai Madhopur,Rajasthan,Sawai Madhopur,
Rajasthan,Sikar,Rajasthan,Sikar,
Rajasthan,Sirohi,Rajasthan,Sirohi,
Rajasthan,Tonk,Rajasthan,Tonk,
Rajasthan,Udaipur,Rajasthan,Udaipur,
Sikkim,East,Sikkim,East,
Sikkim,East Sikkim,Sikkim,East Sikkim,
Sikkim,Mangan,Sikkim,Mangan,
Sikkim,Namchi,Sikkim,Namchi,
Sikkim,North,Sikkim,North,
Sikkim,North Sikkim,Sikkim,North Sikkim,
Sikkim,South,Sikkim,South,
Sikkim,South Sikkim,Sikkim,South Sikkim,
Sikkim,West,Sikkim,West,
Sikkim,West Sikkim,Sikkim,West Sikkim,
Tamil Nadu,Ariyalur,Tamil Nadu,Ariyalur,
Tamil Nadu,Chengalpattu,Tamil Nadu,Chengalpattu,
Tamil Nadu,Chennai,Tamil Nadu,Chennai,
Tamil Nadu,Coimbatore,Tamil Nadu,Coimbatore,
Tamil Nadu,Cuddalore,Tamil Nadu,Cuddalore,
Tamil Nadu,Dharmapuri,Tamil Nadu,Dharmapuri,
Tamil Nadu,Dindigul,Tamil Nadu,Dindigul,
Tamil Nadu,Erode,Tamil Nadu,Erode,
Tamil Nadu,Kallakurichi,Tamil Nadu,Kallakurichi,
Tamil Nadu,Kancheepuram,Tamil Nadu,Kancheepuram,Possible duplicate of: Kanchipuram
Tamil Nadu,Kanchipuram,Tamil Nadu,Kanchipuram,Possible duplicate of: Kancheepuram
Tamil Nadu,Kanniyakumari,Tamil Nadu,Kanniyakumari,Possible duplicate of: Kanyakumari
Tamil Nadu,Kanyakumari,Tamil Nadu,Kanyakumari,Possible duplicate of: Kanniyakumari
Tamil Nadu,Karur,Tamil Nadu,Karur,
Tamil Nadu,Karur  *,Tamil Nadu,Karur  *,
Tamil Nadu,Krishnagiri,Tamil Nadu,Krishnagiri,
Tamil Nadu,Madurai,Tamil Nadu,Madurai,
Tamil Nadu,Mayiladuthurai,Tamil Nadu,Mayiladuthurai,
Tamil Nadu,Nagapattinam,Tamil Nadu,Nagapattinam,
Tamil Nadu,Namakkal,Tamil Nadu,Namakkal,
Tamil Nadu,Namakkal   *,Tamil Nadu,Namakkal   *,
Tamil Nadu,Nilgiris,Tamil Nadu,Nilgiris,
Tamil Nadu,Perambalur,Tamil Nadu,Perambalur,
Tamil Nadu,Pudukkottai,Tamil Nadu,Pudukkottai,
Tamil Nadu,Ramanathapuram,Tamil Nadu,Ramanathapuram,
Tamil Nadu,Ranipet,Tamil Nadu,Ranipet,
Tamil Nadu,Salem,Tamil Nadu,Salem,
Tamil Nadu,Sivaganga,Tamil Nadu,Sivaganga,
Tamil Nadu,Tenkasi,Tamil Nadu,Tenkasi,
Tamil Nadu,Thanjavur,Tamil Nadu,Thanjavur,
Tamil Nadu,The Nilgiris,Tamil Nadu,The Nilgiris,
Tamil Nadu,Theni,Tamil Nadu,Theni,
Tamil Nadu,Theni  *,Tamil Nadu,Theni  *,
Tamil Nadu,Thiruvallur,Tamil Nadu,Thiruvallur,"Possible duplicate of: Tiruvallur, Thiruvarur"
Tamil Nadu,Thiruvarur,Tamil Nadu,Thiruvarur,"Possible duplicate of: Tiruvarur, Thiruvallur"
Tamil Nadu,Thoothukkudi,Tamil Nadu,Thoothukkudi,
Tamil Nadu,Tiruchirappalli,Tamil Nadu,Tiruchirappalli,
Tamil Nadu,Tirunelveli,Tamil Nadu,Tirunelveli,
Tamil Nadu,Tirupathur,Tamil Nadu,Tirupathur,Possible duplicate of: Tirupattur
Tamil Nadu,Tirupattur,Tamil Nadu,Tirupattur,Possible duplicate of: Tirupathur
Tamil Nadu,Tiruppur,Tamil Nadu,Tiruppur,
Tamil Nadu,Tiruvallur,Tamil Nadu,Tiruvallur,Possible duplicate of: Thiruvallur
Tamil Nadu,Tiruvannamalai,Tamil Nadu,Tiruvannamalai,
Tamil Nadu,Tiruvarur,Tamil Nadu,Tiruvarur,Possible duplicate of: Thiruvarur
Tamil Nadu,Tuticorin,Tamil Nadu,Tuticorin,
Tamil Nadu,Vellore,Tamil Nadu,Vellore,
Tamil Nadu,Villupuram,Tamil Nadu,Villupuram,Possible duplicate of: Viluppuram
Tamil Nadu,Viluppuram,Tamil Nadu,Viluppuram,Possible duplicate of: Villupuram
Tamil Nadu,Virudhunagar,Tamil Nadu,Virudhunagar,
Telangana,Adilabad,Telangana,Adilabad,
Telangana,Bhadradri Kothagudem,Telangana,Bhadradri Kothagudem,
Telangana,Hanumakonda,Telangana,Hanumakonda,
Telangana,Hyderabad,Telangana,Hyderabad,
Telangana,Jagitial,Telangana,Jagitial,
Telangana,Jangaon,Telangana,Jangaon,Possible duplicate of: Jangoan
Telangana,Jangoan,Telangana,Jangoan,Possible duplicate of: Jangaon
Telangana,Jayashankar Bhupalpally,Telangana,Jayashankar Bhupalpally,
Telangana,Jogulamba Gadwal,Telangana,Jogulamba Gadwal,
Telangana,K.v. Rangareddy,Telangana,K.v. Rangareddy,
Telangana,Kamareddy,Telangana,Kamareddy,
Telangana,Karimnagar,Telangana,Karimnagar,
Telangana,Khammam,Telangana,Khammam,
Telangana,Komaram Bheem,Telangana,Komaram Bheem,
Telangana,Mahabubabad,Telangana,Mahabubabad,
Telangana,Mahabubnagar,Telangana,Mahabubnagar,
Telangana,Mancherial,Telangana,Mancherial,
Telangana,Medak,Telangana,Medak,
Telangana,Medchal-malkajgiri,Telangana,Medchal-malkajgiri,"Possible duplicate of: Medchal−malkajgiri, Medchal?malkajgiri"
Telangana,Medchal?malkajgiri,Telangana,Medchal?malkajgiri,"Possible duplicate of: Medchal−malkajgiri, Medchal-malkajgiri"
Telangana,Medchalâmalkajgiri,Telangana,Medchalâmalkajgiri,"Possible duplicate of: Medchal−malkajgiri, Medchal?malkajgiri"
Telangana,Medchal−malkajgiri,Telangana,Medchal−malkajgiri,"Possible duplicate of: Medchal?malkajgiri, Medchal-malkajgiri"
Telangana,Mulugu,Telangana,Mulugu,
Telangana,Nagarkurnool,Telangana,Nagarkurnool,
Telangana,Nalgonda,Telangana,Nalgonda,
Telangana,Narayanpet,Telangana,Narayanpet,
Telangana,Nirmal,Telangana,Nirmal,
Telangana,Nizamabad,Telangana,Nizamabad,
Telangana,Peddapalli,Telangana,Peddapalli,
Telangana,Rajanna Sircilla,Telangana,Rajanna Sircilla,
Telangana,Rangareddy,Telangana,Rangareddy,Possible duplicate of: Sangareddy
Telangana,Sangareddy,Telangana,Sangareddy,Possible duplicate of: Rangareddy
Telangana,Siddipet,Telangana,Siddipet,
Telangana,Suryapet,Telangana,Suryapet,
Telangana,Vikarabad,Telangana,Vikarabad,
Telangana,Wanaparthy,Telangana,Wanaparthy,
Telangana,Warangal,Telangana,Warangal,
Telangana,Warangal (urban),Telangana,Warangal (urban),Possible duplicate of: Warangal Urban
Telangana,Warangal Rural,Telangana,Warangal Rural,
Telangana,Warangal Urban,Telangana,Warangal Urban,Possible duplicate of: Warangal (urban)
Telangana,Yadadri.,Telangana,Yadadri.,
Tripura,Dhalai,Tripura,Dhalai,
Tripura,Dhalai  *,Tripura,Dhalai  *,
Tripura,Gomati,Tripura,Gomati,
Tripura,Khowai,Tripura,Khowai,
Tripura,North Tripura,Tripura,North Tripura,
Tripura,Sepahijala,Tripura,Sepahijala,
Tripura,South Tripura,Tripura,South Tripura,
Tripura,Unakoti,Tripura,Unakoti,
Tripura,West Tripura,Tripura,West Tripura,
Uttar Pradesh,Agra,Uttar Pradesh,Agra,
Uttar Pradesh,Aligarh,Uttar Pradesh,Aligarh,
Uttar Pradesh,Allahabad,Uttar Pradesh,Allahabad,
Uttar Pradesh,Ambedkar Nagar,Uttar Pradesh,Ambedkar Nagar,
Uttar Pradesh,Amethi,Uttar Pradesh,Amethi,
Uttar Pradesh,Amroha,Uttar Pradesh,Amroha,
Uttar Pradesh,Auraiya,Uttar Pradesh,Auraiya,Possible duplicate of: Auraiya *
Uttar Pradesh,Auraiya *,Uttar Pradesh,Auraiya *,Possible duplicate of: Auraiya
Uttar Pradesh,Ayodhya,Uttar Pradesh,Ayodhya,
Uttar Pradesh,Azamgarh,Uttar Pradesh,Azamgarh,
Uttar Pradesh,Baghpat,Uttar Pradesh,Baghpat,"Possible duplicate of: Bagpat, Baghpat *"
Uttar Pradesh,Baghpat *,Uttar Pradesh,Baghpat *,Possible duplicate of: Baghpat
Uttar Pradesh,Bagpat,Uttar Pradesh,Bagpat,Possible duplicate of: Baghpat
Uttar Pradesh,Bahraich,Uttar Pradesh,Bahraich,
Uttar Pradesh,Ballia,Uttar Pradesh,Ballia,
Uttar Pradesh,Balrampur,Uttar Pradesh,Balrampur,
Uttar Pradesh,Banda,Uttar Pradesh,Banda,
Uttar Pradesh,Bara Banki,Uttar Pradesh,Bara Banki,
Uttar Pradesh,Barabanki,Uttar Pradesh,Barabanki,
Uttar Pradesh,Bareilly,Uttar Pradesh,Bareilly,
Uttar Pradesh,Basti,Uttar Pradesh,Basti,
Uttar Pradesh,Bhadohi,Uttar Pradesh,Bhadohi,
Uttar Pradesh,Bijnor,Uttar Pradesh,Bijnor,
Uttar Pradesh,Budaun,Uttar Pradesh,Budaun,
Uttar Pradesh,Bulandshahar,Uttar Pradesh,Bulandshahar,Possible duplicate of: Bulandshahr
Uttar Pradesh,Bulandshahr,Uttar Pradesh,Bulandshahr,Possible duplicate of: Bulandshahar
Uttar Pradesh,Chandauli,Uttar Pradesh,Chandauli,Possible duplicate of: Chandauli *
Uttar Pradesh,Chandauli *,Uttar Pradesh,Chandauli *,Possible duplicate of: Chandauli
Uttar Pradesh,Chitrakoot,Uttar Pradesh,Chitrakoot,Possible duplicate of: Chitrakoot *
Uttar Pradesh,Chitrakoot *,Uttar Pradesh,Chitrakoot *,Possible duplicate of: Chitrakoot
Uttar Pradesh,Deoria,Uttar Pradesh,Deoria,
Uttar Pradesh,Etah,Uttar Pradesh,Etah,
Uttar Pradesh,Etawah,Uttar Pradesh,Etawah,
Uttar Pradesh,Faizabad,Uttar Pradesh,Faizabad,
Uttar Pradesh,Farrukhabad,Uttar Pradesh,Farrukhabad,
Uttar Pradesh,Fatehpur,Uttar Pradesh,Fatehpur,
Uttar Pradesh,Firozabad,Uttar Pradesh,Firozabad,
Uttar Pradesh,Gautam Buddha Nagar,Uttar Pradesh,Gautam Buddha Nagar,Possible duplicate of: Gautam Buddha Nagar *
Uttar Pradesh,Gautam Buddha Nagar *,Uttar Pradesh,Gautam Buddha Nagar *,Possible duplicate of: Gautam Buddha Nagar
Uttar Pradesh,Ghaziabad,Uttar Pradesh,Ghaziabad,
Uttar Pradesh,Ghazipur,Uttar Pradesh,Ghazipur,
Uttar Pradesh,Gonda,Uttar Pradesh,Gonda,
Uttar Pradesh,Gorakhpur,Uttar Pradesh,Gorakhpur,
Uttar Pradesh,Hamirpur,Uttar Pradesh,Hamirpur,
Uttar Pradesh,Hapur,Uttar Pradesh,Hapur,
Uttar Pradesh,Hardoi,Uttar Pradesh,Hardoi,
Uttar Pradesh,Hathras,Uttar Pradesh,Hathras,
Uttar Pradesh,Jalaun,Uttar Pradesh,Jalaun,
Uttar Pradesh,Jaunpur,Uttar Pradesh,Jaunpur,
Uttar Pradesh,Jhansi,Uttar Pradesh,Jhansi,
Uttar Pradesh,Jyotiba Phule Nagar,Uttar Pradesh,Jyotiba Phule Nagar,
Uttar Pradesh,Kannauj,Uttar Pradesh,Kannauj,
Uttar Pradesh,Kanpur Dehat,Uttar Pradesh,Kanpur Dehat,
Uttar Pradesh,Kanpur Nagar,Uttar Pradesh,Kanpur Nagar,
Uttar Pradesh,Kasganj,Uttar Pradesh,Kasganj,
Uttar Pradesh,Kaushambi,Uttar Pradesh,Kaushambi,
Uttar Pradesh,Kheri,Uttar Pradesh,Kheri,
Uttar Pradesh,Kushinagar,Uttar Pradesh,Kushinagar,Possible duplicate of: Kushinagar *
Uttar Pradesh,Kushinagar *,Uttar Pradesh,Kushinagar *,Possible duplicate of: Kushinagar
Uttar Pradesh,Lalitpur,Uttar Pradesh,Lalitpur,
Uttar Pradesh,Lucknow,Uttar Pradesh,Lucknow,
Uttar Pradesh,Maharajganj,Uttar Pradesh,Maharajganj,Possible duplicate of: Mahrajganj
Uttar Pradesh,Mahoba,Uttar Pradesh,Mahoba,Possible duplicate of: Mahoba *
Uttar Pradesh,Mahoba *,Uttar Pradesh,Mahoba *,Possible duplicate of: Mahoba
Uttar Pradesh,Mahrajganj,Uttar Pradesh,Mahrajganj,Possible duplicate of: Maharajganj
Uttar Pradesh,Mainpuri,Uttar Pradesh,Mainpuri,
Uttar Pradesh,Mathura,Uttar Pradesh,Mathura,
Uttar Pradesh,Mau,Uttar Pradesh,Mau,
Uttar Pradesh,Meerut,Uttar Pradesh,Meerut,
Uttar Pradesh,Mirzapur,Uttar Pradesh,Mirzapur,
Uttar Pradesh,Moradabad,Uttar Pradesh,Moradabad,
Uttar Pradesh,Muzaffarnagar,Uttar Pradesh,Muzaffarnagar,
Uttar Pradesh,Pilibhit,Uttar Pradesh,Pilibhit,
Uttar Pradesh,Pratapgarh,Uttar Pradesh,Pratapgarh,
Uttar Pradesh,Prayagraj,Uttar Pradesh,Prayagraj,
Uttar Pradesh,Rae Bareli,Uttar Pradesh,Rae Bareli,
Uttar Pradesh,Raebareli,Uttar Pradesh,Raebareli,
Uttar Pradesh,Rampur,Uttar Pradesh,Rampur,
Uttar Pradesh,Saharanpur,Uttar Pradesh,Saharanpur,
Uttar Pradesh,Sambhal,Uttar Pradesh,Sambhal,
Uttar Pradesh,Sant Kabir Nagar,Uttar Pradesh,Sant Kabir Nagar,
Uttar Pradesh,Sant Ravidas Nagar,Uttar Pradesh,Sant Ravidas Nagar,
Uttar Pradesh,Sant Ravidas Nagar Bhadohi,Uttar Pradesh,Sant Ravidas Nagar Bhadohi,
Uttar Pradesh,Shahjahanpur,Uttar Pradesh,Shahjahanpur,
Uttar Pradesh,Shamli,Uttar Pradesh,Shamli,
Uttar Pradesh,Shrawasti,Uttar Pradesh,Shrawasti,
Uttar Pradesh,Siddharthnagar,Uttar Pradesh,Siddharthnagar,
Uttar Pradesh,Sitapur,Uttar Pradesh,Sitapur,
Uttar Pradesh,Sonbhadra,Uttar Pradesh,Sonbhadra,
Uttar Pradesh,Sultanpur,Uttar Pradesh,Sultanpur,
Uttar Pradesh,Unnao,Uttar Pradesh,Unnao,
Uttar Pradesh,Varanasi,Uttar Pradesh,Varanasi,
Uttarakhand,Almora,Uttarakhand,Almora,
Uttarakhand,Bageshwar,Uttarakhand,Bageshwar,
Uttarakhand,Chamoli,Uttarakhand,Chamoli,
Uttarakhand,Champawat,Uttarakhand,Champawat,
Uttarakhand,Dehradun,Uttarakhand,Dehradun,
Uttarakhand,Garhwal,Uttarakhand,Garhwal,
Uttarakhand,Hardwar,Uttarakhand,Hardwar,Possible duplicate of: Haridwar
Uttarakhand,Haridwar,Uttarakhand,Haridwar,Possible duplicate of: Hardwar
Uttarakhand,Nainital,Uttarakhand,Nainital,
Uttarakhand,Pauri Garhwal,Uttarakhand,Pauri Garhwal,
Uttarakhand,Pithoragarh,Uttarakhand,Pithoragarh,
Uttarakhand,Rudraprayag,Uttarakhand,Rudraprayag,Possible duplicate of: Rudraprayag *
Uttarakhand,Rudraprayag *,Uttarakhand,Rudraprayag *,Possible duplicate of: Rudraprayag
Uttarakhand,Tehri Garhwal,Uttarakhand,Tehri Garhwal,
Uttarakhand,Udham Singh Nagar,Uttarakhand,Udham Singh Nagar,Possible duplicate of: Udham Singh Nagar *
Uttarakhand,Udham Singh Nagar *,Uttarakhand,Udham Singh Nagar *,Possible duplicate of: Udham Singh Nagar
Uttarakhand,Uttarkashi,Uttarakhand,Uttarkashi,
West Bengal,Alipurduar,West Bengal,Alipurduar,
West Bengal,Amta - II,West Bengal,Amta - II,
West Bengal,Bally Jagachha,West Bengal,Bally Jagachha,
West Bengal,Bankura,West Bengal,Bankura,
West Bengal,Barddhaman,West Bengal,Barddhaman,Possible duplicate of: Bardhaman
West Bengal,Bardhaman,West Bengal,Bardhaman,Possible duplicate of: Barddhaman
West Bengal,Birbhum,West Bengal,Birbhum,
West Bengal,Burdwan,West Bengal,Burdwan,
West Bengal,Cooch Behar,West Bengal,Cooch Behar,
West Bengal,Dakshin Dinajpur,West Bengal,Dakshin Dinajpur,
West Bengal,Darjeeling,West Bengal,Darjeeling,
West Bengal,Darjiling,West Bengal,Darjiling,
West Bengal,Domjur,West Bengal,Domjur,
West Bengal,East Midnapore,West Bengal,East Midnapore,"Possible duplicate of: East midnapore, East Midnapur"
West Bengal,East Midnapur,West Bengal,East Midnapur,Possible duplicate of: East Midnapore
West Bengal,East midnapore,West Bengal,East midnapore,"Possible duplicate of: east midnapore, East Midnapore"
West Bengal,HOOGHLY,West Bengal,HOOGHLY,
West Bengal,HOWRAH,West Bengal,HOWRAH,
West Bengal,Haora,West Bengal,Haora,
West Bengal,Hawrah,West Bengal,Hawrah,
West Bengal,Hooghiy,West Bengal,Hooghiy,Possible duplicate of: Hooghly
West Bengal,Hooghly,West Bengal,Hooghly,"Possible duplicate of: hooghly, Hooghiy"
West Bengal,Howrah,West Bengal,Howrah,
West Bengal,Hugli,West Bengal,Hugli,
West Bengal,Jalpaiguri,West Bengal,Jalpaiguri,
West Bengal,Jhargram,West Bengal,Jhargram,
West Bengal,KOLKATA,West Bengal,KOLKATA,
West Bengal,Kalimpong,West Bengal,Kalimpong,
West Bengal,Koch Bihar,West Bengal,Koch Bihar,
West Bengal,Kolkata,West Bengal,Kolkata,
West Bengal,MALDA,West Bengal,MALDA,
West Bengal,Malda,West Bengal,Malda,Possible duplicate of: Maldah
West Bengal,Maldah,West Bengal,Maldah,Possible duplicate of: Malda
West Bengal,Medinipur,West Bengal,Medinipur,
West Bengal,Murshidabad,West Bengal,Murshidabad,
West Bengal,NADIA,West Bengal,NADIA,
West Bengal,Nadia,West Bengal,Nadia,
West Bengal,Naihati Anandabazar,West Bengal,Naihati Anandabazar,
West Bengal,North 24 Parganas,West Bengal,North 24 Parganas,Possible duplicate of: South 24 Parganas
West Bengal,North Dinajpur,West Bengal,North Dinajpur,Possible duplicate of: South Dinajpur
West Bengal,North Twenty Four Parganas,West Bengal,North Twenty Four Parganas,"Possible duplicate of: South Twenty Four Parganas, South  Twenty Four Parganas"
West Bengal,Paschim Bardhaman,West Bengal,Paschim Bardhaman,
West Bengal,Paschim Medinipur,West Bengal,Paschim Medinipur,
West Bengal,Purba Bardhaman,West Bengal,Purba Bardhaman,
West Bengal,Purba Medinipur,West Bengal,Purba Medinipur,
West Bengal,Purulia,West Bengal,Purulia,Possible duplicate of: Puruliya
West Bengal,Puruliya,West Bengal,Puruliya,Possible duplicate of: Purulia
West Bengal,South  Twenty Four Parganas,West Bengal,South  Twenty Four Parganas,"Possible duplicate of: South Twenty Four Parganas, North Twenty Four Parganas"
West Bengal,South 24 Pargana,West Bengal,South 24 Pargana,"Possible duplicate of: South 24 Parganas, South 24 pargana"
West Bengal,South 24 Parganas,West Bengal,South 24 Parganas,"Possible duplicate of: South 24 Pargana, South 24 parganas"
West Bengal,South 24 pargana,West Bengal,South 24 pargana,"Possible duplicate of: South 24 parganas, South 24 Pargana"
West Bengal,South 24 parganas,West Bengal,South 24 parganas,"Possible duplicate of: South 24 pargana, South 24 Parganas"
West Bengal,South Dinajpur,West Bengal,South Dinajpur,Possible duplicate of: North Dinajpur
West Bengal,South DumDum(M),West Bengal,South DumDum(M),
West Bengal,South Twenty Four Parganas,West Bengal,South Twenty Four Parganas,"Possible duplicate of: South  Twenty Four Parganas, North Twenty Four Parganas"
West Bengal,Uttar Dinajpur,West Bengal,Uttar Dinajpur,
West Bengal,West Medinipur,West Bengal,West Medinipur,
West Bengal,West Midnapore,West Bengal,West Midnapore,"Possible duplicate of: east midnapore, East Midnapore"
West Bengal,east midnapore,West Bengal,east midnapore,"Possible duplicate of: East midnapore, West Midnapore"
West Bengal,hooghly,West Bengal,hooghly,Possible duplicate of: Hooghly
West Bengal,nadia,West Bengal,nadia,
West Bengli,Hooghly,West Bengal,Hooghly,"Possible duplicate of: hooghly, Hooghiy"
